Хохлов Григорий Игнатович;Шерегеш;ш. Крымское, д. 969;Снежная Королева;Проводник;8 219 389 13 41;fomichevpankrat@rambler.ru;1959-12-26;74373
Элеонора Григорьевна Логинова;Калачинск;пер. Таежный, д. 38;Боэс Констракшн (Boes Construction);Генетик;+7 (912) 681-7797;spartak_89@mail.ru;1952-09-10;45707
Романова Анжелика Кирилловна;Верхотурье;алл. Ударная, д. 2 стр. 296;Уральский банк реконструкции и развития;Гранатомётчик;8 460 818 0292;vsamsonov@hotmail.com;1979-03-07;87055
Данилов Митофан Давидович;Листвянка (Иркут.);ул. Сосновая, д. 80 стр. 959;Продо;Релайтер;+7 (859) 125-5652;agge1978@mail.ru;1989-01-09;56927
Архипов Терентий Ермилович;Ковров;бул. Кузнецкий, д. 5/2 стр. 39;Интер РАО;Невролог;8 (202) 386-8938;ershovevdokim@yahoo.com;1975-02-08;172909
Виноградов Максимильян Анисимович;Соль-Илецк;ш. Тимирязева, д. 79 стр. 4;Группа Газфонд;Военный судья;8 105 457 7761;kfomin@rambler.ru;1979-01-04;171647
Колобова Нонна Афанасьевна;Избербаш;наб. Верхняя, д. 48 к. 3/7;Компания Луис Дрейфус Восток (Louis Dreyfus);Медицинская сестра;8 351 204 41 05;seliverst44@gmail.com;1964-06-17;81199
Виталий Феликсович Молчанов;Набережные Челны;наб. Краснознаменная, д. 684 к. 90;ДОМ.РФ;Искусствовед;8 (879) 691-0160;fshubina@gmail.com;2000-09-07;125542
Тамара Захаровна Яковлева;Нефтегорск (Самар.);пер. Шолохова, д. 6 стр. 5;Объединенные кондитеры;Религиовед;+7 191 309 2756;spiridon_1990@mail.ru;1956-08-22;185048
Гостомысл Гавриилович Кузьмин;Кыштым;пр. Автомобилистов, д. 4 к. 8/9;Несте Санкт-Петербург (Neste);Библиотекарь;+7 785 095 9783;lavrenti1995@gmail.com;1980-06-18;63815
Анатолий Брониславович Матвеев;Щелково;пр. Рабочий, д. 9;ГК 1520;Сыровар;8 533 910 16 90;kira1974@hotmail.com;1955-01-11;68888
Фотий Андреевич Новиков;Муравленко;пер. 40 лет Победы, д. 5 стр. 7;Европа;Военно-полевой хирург;+7 (729) 716-21-46;rjurik_1988@mail.ru;1987-05-04;180918
Юлиан Гурьевич Волков;Соль-Илецк;бул. Петровский, д. 61 стр. 784;Московский кредитный банк;Фотомодель;8 647 858 3005;avdeevvasili@yandex.ru;1957-06-29;128979
Порфирий Абрамович Зайцев;Хасавюрт;алл. Дальняя, д. 672 к. 724;Таркетт Рус (Tarkett);Монтажник радиоэлектронной аппаратуры и приборов;8 478 504 90 30;wkomarova@yahoo.com;1961-01-15;112470
Шарапов Емельян Гаврилович;Новокузнецк;бул. Индустриальный, д. 30 стр. 328;Евраз;Географ;8 (048) 488-9314;anike83@mail.ru;1998-11-13;71421
Пестова Мария Рубеновна;Серафимович;ш. 50 лет ВЛКСМ, д. 82 стр. 238;ГК Агропромкомплектация;Повар;8 (705) 459-9251;blitkina@mail.ru;1956-10-05;191499
Пономарева Юлия Оскаровна;Можга;алл. Красноармейская, д. 99 к. 8/5;Гознак;Министр;8 342 469 9819;feliks42@yahoo.com;1962-10-23;74044
Козлова Вероника Юрьевна;Екатеринбург;бул. Попова, д. 506;Компания Газ-Альянс;Воздухоплаватель;8 426 936 72 49;emeljan16@yandex.ru;1956-04-04;61366
Стоян Данилович Игнатов;Малгобек;ш. Свердлова, д. 139;Каменск-Уральский металлургический завод;Особист;+74715292232;fadeevevstigne@hotmail.com;1973-06-06;160700
Устинова Ия Игоревна;Мытищи;алл. Логовая, д. 9 стр. 7;Гала-Форм;Парикмахер;+7 (615) 481-42-43;pahomovgremislav@rambler.ru;1987-02-08;121632
Силантий Гертрудович Тимофеев;Пушкино (Моск.);наб. Толстого, д. 3 к. 670;Группа Содружество;Иллюстратор;8 008 523 39 13;smirnovazinaida@mail.ru;1969-04-20;54861
Васильева Галина Ефимовна;Краснодар;алл. Ермака, д. 117 к. 5/8;Компания Металл Профиль;Авиационный техник;8 985 891 96 26;knjazevamaja@yahoo.com;1983-12-16;70313
Ия Кузьминична Родионова;Анадырь;ш. 60 лет Октября, д. 9 стр. 921;Стройтранснефтегаз;Диктор;88862229879;alina_1986@hotmail.com;2001-03-14;45436
Киселева Александра Аркадьевна;Хасавюрт;ш. Белорусское, д. 1/2;АФК Система;Начальник гаупвахты;8 (646) 791-64-84;komarovprokl@yahoo.com;1991-04-04;75146
Кириллова Нинель Георгиевна;Кондопога;наб. Депутатская, д. 1/9 стр. 4;Нортгаз;Трейдер;+7 (239) 178-12-04;bronislav33@gmail.com;1981-11-29;191115
Анна Рубеновна Силина;Лотошино;ш. Ленина, д. 9 стр. 80;Леруа Мерлен Восток (Leroi Merlin);Телемастер;+7 (791) 990-9596;avgust35@gmail.com;1989-04-03;126001
Екатерина Валериевна Зыкова;Светлогорск (Калин.);ш. Фабричное, д. 17;Мосгортранс;Фуражир;82668564463;igor1970@rambler.ru;1958-08-13;145356
Пахом Венедиктович Ефремов;Ребриха;ул. Озерная, д. 7/3 стр. 884;Группа Эссен;Инженер;8 (937) 246-8491;emeljanmuravev@hotmail.com;1963-12-03;138231
Мартынова Майя Степановна;Мелеуз;пр. Поперечный, д. 6/9 стр. 94;Мишлен (Michelin);Сапёр;+7 928 158 5649;julian_53@mail.ru;2000-07-08;160489
Милица Юрьевна Борисова;Ростов;пр. Хвойный, д. 3 стр. 87;Сиско Солюшенз (Cisco);Гинеколог;+7 096 994 3863;kkuznetsov@rambler.ru;1960-05-11;20001
Фомичева Агата Олеговна;Раменское;бул. Прудовой, д. 98;Сименс (Siemens);Нарколог;+7 058 814 6622;solovevaevfrosinija@yandex.ru;1995-01-03;70460
Лора Михайловна Владимирова;Белый Яр (Томск.);пер. Каштановый, д. 2/7 к. 8/8;ТГК-2;Налоговый инспектор;+7 162 049 9846;jmerkushev@rambler.ru;1998-01-07;24056
Андроник Филиппович Беляев;Кущевская;пр. Луначарского, д. 6/1 к. 8/8;Юг Руси;Библиотекарь;+7 (429) 819-2878;vladislav_1994@yandex.ru;1996-12-02;126231
Воронов Григорий Демидович;Павловский Посад;ш. Авиационное, д. 7/1;Русэнергосбыт;Банкир;+7 (201) 475-61-03;andre03@yahoo.com;1986-12-03;34527
Амвросий Феодосьевич Сысоев;Обнинск;алл. Заводская, д. 8;Башкирэнерго;Киномеханик;8 686 576 9463;agata_41@rambler.ru;1977-06-10;116415
Орлова Ираида Аркадьевна;Лесной (Сверд.);наб. Ягодная, д. 259;Группа агропредприятий Ресурс;Табунщик;+7 (557) 994-0068;valeri75@hotmail.com;1978-10-27;27631
Татьяна Владиславовна Брагина;Новороссийка;алл. Крылова, д. 456 стр. 63;Спортмастер;Архитектор;+7 218 931 0801;rodionovamaja@hotmail.com;1957-12-07;126668
Евпраксия Вадимовна Фокина;Усть-Калманка;наб. Краснознаменная, д. 510 к. 920;Урало-Сибирская металлургическая компания;Тренд-вотчер;87465476554;fedoseevmilen@hotmail.com;1971-07-07;32266
Лора Александровна Бирюкова;Чехов;алл. Коммунистическая, д. 83 к. 38;Вектрум-К;Эксперт-криминалист;8 (055) 480-0143;gurevanina@yandex.ru;1996-12-24;135935
Никодим Владиленович Нестеров;Оймякон;бул. Привольный, д. 2/5 стр. 4;Дж.Т.И. Россия (JTI);Учитель;8 (440) 095-58-29;evseevaksenija@gmail.com;1973-06-14;130776
Полякова Екатерина Макаровна;Плес;бул. Коммуны, д. 873 стр. 335;Уралкалий;Борт-инженер;+7 (460) 356-3969;aleksevorobev@gmail.com;1956-10-30;117671
Афиноген Феликсович Михеев;Орск;пр. Северный, д. 36 стр. 3;Государственная транспортная лизинговая компания;Профпатолог;8 (308) 231-04-79;emeljan_1994@rambler.ru;1950-12-29;170010
Семен Алексеевич Давыдов;Новомичуринск;бул. Р.Люксембург, д. 625 стр. 6/7;Газпром автоматизация;Печатник;+70449440477;vseslav_1988@gmail.com;1991-04-10;189345
Киселева Ия Натановна;Самара;ш. Локомотивное, д. 4/8 стр. 38;Roust;Сапожник;8 (229) 020-4648;kuzminsavva@yahoo.com;1971-02-10;21818
Игорь Чеславович Максимов;Южно-Курильск;пер. Проточный, д. 8/9 к. 889;ГВСУ по специальным объектам;Энтомолог;8 620 108 9387;danila_2012@yahoo.com;1997-03-25;134377
Самойлова Ия Максимовна;Мичуринск;ул. Привокзальная, д. 7 стр. 894;Лига ставок;Воздухоплаватель;8 792 702 80 07;chernovantonin@gmail.com;1980-08-27;127348
Исаков Никифор Бенедиктович;Шатура;алл. Свободная, д. 78 к. 5;САП СНГ (SAP);Маммолог;+7 (467) 441-6831;lora_1975@mail.ru;1961-07-05;37836
Панфилова Валентина Владиславовна;Жигулевск;бул. Докучаева, д. 263 стр. 4;СБСВ-Ключавто;Кондитер;+79161887371;litkinaemilija@yandex.ru;1967-06-13;114671
Никанор Эдгардович Владимиров;Снежногорск (Мурм.);ш. Коммунистическое, д. 9 к. 48;Хенкель Рус (Henkel);Администратор базы данных;+7 (122) 189-4451;askoldlobanov@yahoo.com;1996-04-08;95583
Мельникова Виктория Наумовна;Вилюйск;ул. Братская, д. 105 стр. 385;Агросила Групп;Начальник склада;+7 (921) 376-77-82;ozhdanov@hotmail.com;1989-08-13;75682
Федор Борисович Красильников;Горно-Алтайск;ш. Хвойное, д. 4 стр. 9/6;Импэкснефтехим;Гранатомётчик;+70331981081;lpoljakova@rambler.ru;1960-04-18;62448
Трифон Жоресович Гордеев;Калевала;алл. Мая 1, д. 11 к. 64;А-Ойл;Хлебороб;+7 420 256 60 19;iraida2011@yandex.ru;2000-05-29;165681
Глафира Максимовна Логинова;Таштагол;алл. Дорожная, д. 8 стр. 5/2;Независимая энергосбытовая компания Краснодарского края;Комбайнер;+73972804431;shubinagalina@hotmail.com;1983-09-18;31464
Жанна Владиславовна Сысоева;Шахты;ул. Смирнова, д. 4;Росжелдорпроект;Лётчик;+7 (426) 060-6296;vasilisa21@hotmail.com;1960-10-06;87189
Кудрявцев Вячеслав Фадеевич;Гатчина;пер. Заводской, д. 74;Продимекс-Холдинг;Инженер;+7 494 614 65 82;ljudmila_1994@rambler.ru;1951-04-19;34952
Елена Константиновна Сафонова;Алексин;ул. Краснофлотская, д. 75 к. 477;X5 Retail Group;Дипломатический работник;8 235 588 84 26;valeri93@yandex.ru;2001-11-23;185587
Алексей Архипович Хохлов;Колпашево;наб. Тракторная, д. 897 стр. 12;ГК Агро-Белогорье;Парикмахер;83071209178;raisa_14@yandex.ru;1963-07-25;86280
Адриан Феофанович Логинов;Якутск;алл. Ростовская, д. 1/7;Сибирский антрацит;Механик;+7 624 544 59 46;sharitonova@mail.ru;1953-12-19;75589
Нинель Андреевна Ефремова;Юровск;алл. Курская, д. 274;СДС-Уголь;Парфюмер;+7 (507) 767-41-19;kvasileva@yandex.ru;1958-06-04;82084
Шубина Ирина Вячеславовна;Калевала;пер. Горького, д. 7 к. 354;Луидор;Офтальмолог;+7 (744) 704-3588;solovevkonstantin@gmail.com;1971-01-13;154203
Устин Федосьевич Соловьев;Нижнеудинск;пр. Чайкиной, д. 98 к. 9;Ресурс;Сомелье;+7 (482) 234-06-86;vatslavartemev@hotmail.com;1973-10-01;148508
г-жа Боброва Лукия Тимуровна;Ейск;пер. Сенной, д. 60;Татнефть;Военно-полевой хирург;8 026 366 1601;samsonovevstafi@gmail.com;1968-09-17;47374
Регина Вадимовна Рябова;Москва, МГУ;ш. Путевое, д. 248 к. 700;Башкирская содовая компания;Инженер-гидравлик;8 (659) 813-2118;gostomisl90@hotmail.com;1962-06-22;50620
Олимпиада Игоревна Тетерина;Двинской;наб. Привольная, д. 566 к. 159;Приосколье;Бортмеханик;80442096060;klavdija74@gmail.com;1998-06-20;158858
Лукин Авдей Дорофеевич;Прохладный;ш. Ульяновское, д. 1;ТЭК СПБ;Шахтёр;8 (803) 445-4286;galaktion75@rambler.ru;1965-07-14;81983
Борислав Владиславович Игнатьев;Казань;ш. Светлое, д. 7 стр. 1/3;АНГК;Табаковод;8 (024) 437-69-11;mjasnikovasofija@yandex.ru;1975-11-28;198408
Коновалова Феврония Тимуровна;Токма;алл. Нефтяников, д. 3;Втормет;Лётчик;8 (645) 598-2811;shestakovfedot@rambler.ru;1977-05-19;29000
Белоусова Алевтина Яковлевна;Лотошино;пр. Ясный, д. 13 к. 71;Российские сети;Программист;89834482059;jandenisov@gmail.com;1990-03-03;87948
Зайцев Марк Изотович;Мичуринск;пер. Харьковский, д. 72 стр. 9;Ачимгаз;Крановщик;+74882107997;martinromanov@gmail.com;1957-11-27;108138
Блохин Леонид Эдгарович;Челюскин;бул. Белорусский, д. 157 к. 19;Фармстандарт;Огнемётчик;8 (828) 045-2988;shubinfade@rambler.ru;1990-08-01;135526
Бажен Архипович Уваров;Поронайск;бул. Высоковольтный, д. 874 к. 872;Делл (Dell);Инженер по Технике Безопасности;+78868771241;savvati2006@mail.ru;2002-01-03;139952
Давыдова Евгения Эльдаровна;Крымск;алл. Береговая, д. 582 к. 2;ОМК;Декоратор;8 899 155 59 17;markovpimen@yandex.ru;1970-07-02;113105
Харитон Иосифович Бобров;Тихорецк;ш. Красноармейское, д. 3 к. 724;Полюс;Организатор свадеб;8 642 183 04 23;molchanovstepan@yahoo.com;1982-07-16;137245
Орест Чеславович Блинов;Сергиев Посад;пер. Загородный, д. 32 стр. 46;Башкирэнерго;Звукорежиссёр;8 043 957 4642;lora_87@rambler.ru;1994-03-15;65534
Евстигней Ефремович Молчанов;Баргузин;алл. Новоселов, д. 31;Российская электроника;Технолог;8 (117) 970-82-32;fomichevaoksana@mail.ru;2000-04-09;126089
Ирина Тимуровна Карпова;Бодайбо;пер. Торговый, д. 451;Дочки-Сыночки;Географ;+7 279 181 3965;leonti_58@hotmail.com;1974-11-13;173451
Цветков Глеб Исидорович;Чулым;бул. Городской, д. 71;ТД Агроторг;Инженер-гидравлик;+7 (067) 901-8646;fkotov@mail.ru;1986-10-30;91536
Емельянов Борислав Валерианович;Вилюйск;алл. Угольная, д. 2/7 стр. 7/4;Сиско Солюшенз (Cisco);Флеболог;+7 (991) 737-15-14;poljakovnikodim@yahoo.com;1981-08-15;113331
Красильников Милен Абрамович;Льгов;алл. Герцена, д. 690;Южуралзолото ГК;Инженер-технолог;+7 (756) 377-71-30;fedosifomichev@hotmail.com;1987-11-30;173793
г-жа Орлова Александра Руслановна;Кингисепп;пер. Ленинский, д. 432 стр. 6;Джонсон & Джонсон (Johnson & Johnson);Микробиолог;+7 560 092 5696;tihonovakim@yahoo.com;1970-10-02;122674
Гордеев Федор Всеволодович;Руза;бул. Минский, д. 4/5 стр. 894;ВГТРК;Кузнец;+7 (117) 349-97-79;nikiforovatatjana@mail.ru;1963-11-28;191189
Кононов Влас Августович;Вилюйск;алл. Смирнова, д. 3/1;ДК Рус;Орнитолог;+7 (208) 847-8211;solomon92@mail.ru;1984-01-30;109747
Муравьев Вадим Арсеньевич;Усть-Илимск;алл. Народная, д. 4 к. 46;Денцу Эйджис Си Эс (Dentsu);Лифтёр;87333269065;lora06@yahoo.com;1955-06-10;195479
Эммануил Арсеньевич Ефремов;Сарапул;пр. Фурманова, д. 9 к. 573;Уралвтормет;Флеболог;+7 070 638 9306;lazarevbazhen@rambler.ru;2000-10-25;158136
Дорофеева Иванна Максимовна;Златоуст;пер. Смоленский, д. 81;Солид-товарные рынки;Морской пехотинец;8 027 392 7970;zinovevcheslav@gmail.com;2001-10-02;118331
Пономарев Константин Андреевич;Кинешма;пр. Республиканский, д. 55;S7 Group;Водолаз;+7 053 099 13 09;ksenija_02@mail.ru;1999-05-13;86854
Потапов Гремислав Денисович;Тырныауз;ш. Луначарского, д. 26 стр. 8;Госкорпорация по ОрВД;Кладовщик;+7 525 014 2315;ninel21@mail.ru;1995-09-27;97229
Елизавета Олеговна Гущина;Ижевск;алл. Колхозная, д. 3 к. 57;ДСК Автобан;Инкассатор;+72423165912;denisovsaveli@hotmail.com;1951-05-11;170197
Кудряшов Виктор Валерьянович;Юрьевец (Иван.);пер. Мичурина, д. 9/7 к. 76;Норникель;Редактор;+7 (198) 205-3409;sofron2001@yandex.ru;1989-08-03;70736
Сысоева Майя Болеславовна;Чусовой;пр. Николаева, д. 3 стр. 743;Сургутнефтегаз;Артиллерист;+7 147 419 51 49;stepan_1974@mail.ru;1985-05-15;25125
Мария Ивановна Сорокина;Ишим;пер. Семашко, д. 1/9;Аптечная сеть 36,6;Социолог;+7 526 304 89 63;anike_2012@yandex.ru;1954-08-01;62088
Никифоров Доброслав Андреевич;Ивдель;бул. Октябрьский, д. 622 стр. 4;Транслом;Мотострелок;+7 809 260 1404;melnikovilarion@yahoo.com;1968-04-19;148045
Шарапова Анжелика Михайловна;Сосновый Бор;наб. Учительская, д. 4 стр. 31;Саткинский чугуноплавильный завод;Расточник;+70253149337;moiseevluchezar@yahoo.com;1982-03-14;81760
Прасковья Романовна Горшкова;Юрьев-Польский;ул. Дальневосточная, д. 24;Сталепромышленная компания;Морской пехотинец;+7 010 295 64 78;olimpiada_2003@yahoo.com;1966-03-22;120806
Молчанов Пимен Даниилович;Мыс Шмидта;пр. Санаторный, д. 98 стр. 6/2;ТД Ункомтех;Актуарий;+7 (640) 121-41-01;spiridonrodionov@yahoo.com;1976-02-12;149068
Никонова Эмилия Эльдаровна;Долинск;ш. Малиновое, д. 3 стр. 5/5;Группа Эссен;Гранатомётчик;+7 (893) 843-4869;maksimiljan1987@yandex.ru;1955-05-24;131601
Громов Аркадий Брониславович;Назрань;наб. Зеленая, д. 442 стр. 51;Национальная компьютерная корпорация;Операционист;+7 467 604 8542;petr_74@yahoo.com;1997-10-30;143729
Евпраксия Кузьминична Кулагина;Уренгой;алл. Карьерная, д. 7/1 стр. 8;Ашинский металлургический завод;Особист;8 (668) 777-88-06;skoroleva@mail.ru;1979-02-21;153319
Екатерина Дмитриевна Самсонова;Комсомольск-на-Амуре;алл. Челюскинцев, д. 25 стр. 7;Зарубежнефть;Парикмахер;88010309758;afedotova@yahoo.com;1992-10-01;147367
Молчанова Кира Болеславовна;Верхоянск;пр. Ленский, д. 164 стр. 112;КДВ Групп;Фармацевт;+7 (434) 796-1811;dmitrievanatalja@yandex.ru;1963-10-06;156592
